chromo,position,major,minor,ref,anc,knownEM,w_PC1,color
MA_453178,2380,T,G,T,T,0.061326,-0.00802871398627758,darkred
MA_10086320,592,A,G,A,A,0.076157,-0.0021135949064046144,darkred
MA_60251,2757,A,C,C,C,0.06167,-0.007062118966132402,darkred
MA_606,2827,G,T,G,G,0.06766,-0.0024850545451045036,darkred
MA_10427759,3012,T,A,T,T,0.058829,-0.002043516840785742,darkred
MA_98406,29556,G,A,G,G,0.081276,-0.06590328365564346,darkred
MA_230072,2695,G,T,G,G,0.056697,-0.022914104163646698,darkred
MA_93105,14606,T,A,T,T,0.053472,-0.035833586007356644,darkred
MA_17450,52293,C,A,C,C,0.06577,-0.06263820081949234,darkred
MA_101443,3257,G,A,G,G,0.05079,-0.005776362493634224,darkred
MA_101443,3258,C,A,C,C,0.070925,-0.01860649324953556,darkred
MA_10430437,44733,G,A,G,G,0.058326,-0.048772916197776794,darkred
MA_126936,10332,T,G,T,T,0.055072,-0.011630107648670673,darkred
MA_126936,10333,A,C,A,A,0.084742,-0.051285192370414734,darkred
MA_189788,3214,G,A,G,G,0.057855,-0.005873509217053652,darkred
MA_189788,3221,C,A,C,C,0.067661,-0.004573478363454342,darkred
MA_573180,1022,C,A,C,C,0.069094,-0.004050102084875107,darkred
MA_138281,3309,G,A,G,G,0.055515,-6.203108350746334e-4,darkred
MA_124168,10888,A,G,A,A,0.054107,-0.00393897807225585,darkred
MA_493782,3327,T,C,T,T,0.057648,-0.0013626537984237075,darkred
MA_892230,3082,G,A,G,G,0.061337,-0.0014365436509251595,darkred
MA_446328,2998,A,G,A,A,0.074087,-0.003202074905857444,darkred
