chromo,position,major,minor,ref,anc,knownEM,w_PC1,color
MA_9272517,440,G,T,G,G,0.057046,0.009977312758564949,black
MA_10432036,15886,C,A,A,A,0.054962,0.0266921017318964,black
MA_10086320,657,G,C,G,G,0.058896,0.013708525337278843,black
MA_10086320,1170,C,G,G,G,0.057956,0.005685708951205015,black
MA_517983,9660,C,T,T,T,0.055329,0.023482734337449074,black
MA_8914126,1153,C,T,C,C,0.060725,0.00638710567727685,black
MA_90870,28913,G,A,G,G,0.064661,0.02976924553513527,black
MA_10430718,61844,C,A,C,C,0.062232,0.002018206287175417,black
MA_696598,1849,T,G,T,T,0.069143,2.831841411534697e-4,black
MA_37055,3203,A,T,A,A,0.082125,0.0033873962238430977,black
MA_245294,1387,C,T,C,C,0.063657,0.003443959867581725,black
MA_80720,5167,T,A,T,T,0.07142,0.0023257206194102764,black
MA_87076,24324,G,A,G,G,0.055275,9.451669757254422e-4,black
MA_87076,24327,G,A,G,G,0.058218,6.636014441028237e-4,black
